-- phpMyAdmin SQL Dump
-- version 4.2.11
-- http://www.phpmyadmin.net
--
-- Host: 127.0.0.1
-- Generation Time: 
-- Версия на сървъра: 5.6.21
-- PHP Version: 5.6.3

SET SQL_MODE = "NO_AUTO_VALUE_ON_ZERO";
SET time_zone = "+00:00";


/*!40101 SET @OLD_CHARACTER_SET_CLIENT=@@CHARACTER_SET_CLIENT */;
/*!40101 SET @OLD_CHARACTER_SET_RESULTS=@@CHARACTER_SET_RESULTS */;
/*!40101 SET @OLD_COLLATION_CONNECTION=@@COLLATION_CONNECTION */;
/*!40101 SET NAMES utf8 */;

--
-- Database: `ramavitadb`
--

-- --------------------------------------------------------

--
-- Структура на таблица `analysis`
--

CREATE TABLE IF NOT EXISTS `analysis` (
`id` int(10) unsigned NOT NULL,
  `customer_name` varchar(255) COLLATE utf8_unicode_ci NOT NULL,
  `birthdate` date DEFAULT NULL,
  `result` text COLLATE utf8_unicode_ci NOT NULL,
  `comments` text COLLATE utf8_unicode_ci NOT NULL,
  `identity_number` varchar(255) COLLATE utf8_unicode_ci NOT NULL,
  `reason` text COLLATE utf8_unicode_ci NOT NULL,
  `requested_by` varchar(255) COLLATE utf8_unicode_ci NOT NULL,
  `executed_by` varchar(255) COLLATE utf8_unicode_ci NOT NULL,
  `supervised_by` varchar(255) COLLATE utf8_unicode_ci NOT NULL,
  `updated_at` timestamp NULL DEFAULT NULL,
  `created_at` timestamp NULL DEFAULT CURRENT_TIMESTAMP
) ENGINE=InnoDB AUTO_INCREMENT=34 DEFAULT CHARSET=utf8 COLLATE=utf8_unicode_ci;

--
-- Схема на данните от таблица `analysis`
--

INSERT INTO `analysis` (`id`, `customer_name`, `birthdate`, `result`, `comments`, `identity_number`, `reason`, `requested_by`, `executed_by`, `supervised_by`, `updated_at`, `created_at`) VALUES
(33, 'Ivan', '2016-08-11', 'a:3:{i:0;s:55:"Отчита се нормален генотип А/А";i:1;s:104:"Възможно е намалено превръщане на бета-каротен в ретинол";i:2;s:105:"Наблюдава се нормална концентрация на витамин В6 в кръвта";}', 'a:2:{i:0;s:4:"nqma";i:1;s:72:"Препоръчват се по-високи дози витамин А";}', '', '', '', '', '', '2016-08-10 20:46:22', '2016-08-10 20:46:22');

-- --------------------------------------------------------

--
-- Структура на таблица `analys_type`
--

CREATE TABLE IF NOT EXISTS `analys_type` (
  `analys_id` int(10) unsigned NOT NULL,
  `type_id` int(10) unsigned NOT NULL
) ENGINE=InnoDB DEFAULT CHARSET=utf8 COLLATE=utf8_unicode_ci;

--
-- Схема на данните от таблица `analys_type`
--

INSERT INTO `analys_type` (`analys_id`, `type_id`) VALUES
(33, 68),
(33, 72),
(33, 74);

-- --------------------------------------------------------

--
-- Структура на таблица `genes`
--

CREATE TABLE IF NOT EXISTS `genes` (
`id` int(10) unsigned NOT NULL,
  `name` varchar(255) COLLATE utf8_unicode_ci NOT NULL,
  `group_id` int(10) unsigned NOT NULL
) ENGINE=InnoDB AUTO_INCREMENT=100 DEFAULT CHARSET=utf8 COLLATE=utf8_unicode_ci;

--
-- Схема на данните от таблица `genes`
--

INSERT INTO `genes` (`id`, `name`, `group_id`) VALUES
(54, 'rs12934922', 20),
(55, 'rs7501331', 20),
(56, 'rs4654748', 21),
(57, 'rs2066470', 22),
(58, 'rs1801133', 22),
(59, 'rs1801131', 22),
(60, 'rs819147', 23),
(61, 'RS819134', 23),
(62, 'RS819171', 23),
(63, 'rs234706', 24),
(64, 'rs1801181', 24),
(65, 'rs2298758', 24),
(66, 'rs1805087', 25),
(67, 'rs1801394', 26),
(68, 'rs10380', 26),
(69, 'rs2287780', 26),
(70, 'rs1802059', 26),
(71, 'RS162036', 26),
(72, 'RS1802059', 26),
(73, 'rs3741049', 27),
(74, 'rs602662', 28),
(75, 'rs4680', 29),
(76, 'rs4633', 29),
(77, 'RS769224', 29),
(78, 'rs6323', 30),
(79, 'rs731236', 31),
(80, 'rs2228570', 31),
(81, 'rs1544410', 31),
(82, 'rs1800012', 32),
(83, 'rs585800', 33),
(84, 'rs567754', 33),
(85, 'rs651852', 33),
(86, 'RS617219', 33),
(87, 'rs1979277', 34),
(88, 'rs9923231', 35),
(89, 'rs7946', 36),
(90, 'rs773115', 37),
(91, 'rs1799983', 38),
(92, 'rs4880', 39),
(93, 'rs1695', 40),
(99, 'test', 20);

-- --------------------------------------------------------

--
-- Структура на таблица `groups`
--

CREATE TABLE IF NOT EXISTS `groups` (
`id` int(10) unsigned NOT NULL,
  `name` text CHARACTER SET utf8 NOT NULL,
  `function` text COLLATE utf8_unicode_ci NOT NULL
) ENGINE=InnoDB AUTO_INCREMENT=41 DEFAULT CHARSET=utf8 COLLATE=utf8_unicode_ci;

--
-- Схема на данните от таблица `groups`
--

INSERT INTO `groups` (`id`, `name`, `function`) VALUES
(20, 'BCOM1', 'Генът кодира протеина бета-каротин 15,15''-монооксигеназа, който разцепва бета-каротин симетрично до получаване на две молекули ретинол. Полиморфизми в този ген могат да повлияят на серумната концентрация на ретинола.'),
(21, 'NBPF3', 'Генетични изменения в този ген са асоциирани с намалени нива на витамин В6, което се дължи на по-бързата екскреция на витамина от кръвния ток. Свързани са и със заболявания като микро и макроцефалия, аутизъм, умствено изоставане, сърдечно-съдови заболявания.'),
(22, 'MTHFR', 'MTHFR (5, 10 - метилтетрахидрофолат редуктаза) е ключов ензим във фолатния метаболизъм, улесняващ формирането на тетрахидрофолата, представлява основен кофактор в реметилирането на хомоцистеина в метионин. '),
(23, 'AHCY', 'Генният продукт катализира хидролизата на S-аденозил хомоцистеин (SAH) в аденозин и HCY. AHCY участва в метиониновият цикъл. Ензима подпомага функцията на CBS и балансира MTHFR дефекти. Изменения в AHCY гена могат да понижат ензимната активност и да доведат до по-ниски нива на HCY.'),
(24, 'CBS', 'Генният продукт регулира ензимите превръщащи хомоцистеин (HCY) в глутатион, който е един от основните антиоксиданти. Ензима участва в метиониновият цикъл, като осъществява връзка между HCY и цитозолната фаза на урейният цикъл.'),
(25, 'MTR', 'Ензим отговорен за катализирането на 5-метилфолат и хомоцистеин за формирането на метионин и тетрахидрофолат.'),
(26, 'MTRR', 'Катализира синтеза на метил-В12, който е необходим за MTR и много други метил-В12 зависими ензими. Кръвните нива на витамин В12 може да са нормални, но ако MTRR e +/+ и +/- синтеза на метил-В12 ще бъде намален, нивата на хомоцистеин увеличени и пътищата на метилиране ще бъдат компроментирани.'),
(27, 'ACAT', 'Ензима участва в цикъла на Кребс, като заема централна роля в белтъчния, липидния и въглехидратния катаболизъм и енергийната продукция. Вариации в гена, кодиращ ACAT могат да повлияят липидния баланс, нивата на холестерол, продукцията на АТФ и витамин В12.'),
(28, 'FUT2', 'Генният продукт участва в изграждането на мембраната на апарата на Голджи и е включен в пътя на антигенен синтез. Генетични изменения се асоциират с плазмените нива на витамин В12. Този дефицит се свързва с недостатъчна чревна абсорбция на витамина и със заболявания като сърдечно-съдови, рак, невродегенеративни заболявания, анемия и др.'),
(29, 'COMT', 'COMT е ключов ензим участващ в инактивацията на  катехоламините, естрогени, катехолови лекарства като L-допа, биофлавоноидни вещества и токсини. Основната функция е трансфер на метилова група от SAM до SAH'),
(30, 'MAO A', ' Генът е локализиран на Х-хромозомата и метаболизира биогенни амини като допамин, епинефрин и норепинефрин. Основната му функция е свързана с разграждането на серотонин, важен при регулацията на невромедиацията. Генетично изменение в MAOA гена води до нарушение в нивата на серотонин, което е асоциирано с депресивни състояния,  агресивност, нарушение на съня и обсесивно-компулсивни разстройства.'),
(31, 'VDR', 'VDR е интраклетъчен хормонален рецептор, който специфично свързва активната форма на витамин Д, регулира нивата на допамин, подпомага защитата от микроорганизми и метали'),
(32, 'COL1A1', 'Генът кодира една от веригите на колаген тип 1, участващ в изграждането на съединителната тъкан, костите, сухожилията,  роговицата и дермата. Изменения в гена се асоциират със загуба на костна плътност след менопауза и увеличен риск от остеопороза и костни фрактури, късогледство, преждевременно раждане, и по-тежки заболявания като остеогенезис имперфекта. '),
(33, 'BHMT', 'Ензима действа като директно конвертира хомоцистеина в метионин като премахва метилова група от триметилглицин до получаване на диметилглицин. Стимулирането на този път подпомага и коригира дефицитите на MTHFR, MTR и MTRR генните продукти. '),
(34, 'SHMT', 'Участва във фолатният цикъл, като превръща серин и тертрахидрофолат в глицин и 5,10-метилентетрахидрофолат. Генният продукт осигурява метилови групи за новосинтезираните ДНК молекули и за превръщането на HCY в метионин.'),
(35, 'VKORC1', 'Витамин К е сенциален за формирането на голям брой коагулационни фактори, които участват в процесите на кръвосъсърване. Необходим е в малки и контролирани количества. Дефицитите на витамин К водят до увеличено кървене и лесно посиняване на тъканта. Съществуват данни за ролята му и за подържане на костната здравина. Намалените нива на витамина мигат да бъдат асоциирани с ниска костна плътност и увеличен риск от фрактури.'),
(36, 'PEMT', 'Ензима е отговорен за превръщането на фосфатидилетаноламин във фосфатидилхолин чрез метилиране в чернодробните клетки. Същият процес, но в ядрото на клетките се осъществява в три последователни етапа. Генетични изменения са асоциирани с дефицит на холин и фолиева киселина, чернодробни заболлявания и затлъстяване на черния дроб.'),
(37, 'SUOX', ' Участва в метиониновия цикъл като катализира превръщането на сулфити в сулфати, последната стъпка в окислителното разграждане на цистеин и метионин. Сулфитите са ествен продукт при протичането на циклите на метилиране, но също могат да бъдат приети с храната. Сулфитите отделят SO2, който може да предизвика раздразнение на белите дробове и да причини астма, уртикария и алергични реакции. Мутации в SUOX гена могат да бъдат рисков фактор за развититето на различни видове рак, включително и левкемия. '),
(38, 'NOS', 'Генният продукт играе роля в детоксикацията на амониевите йони, получени в резултат от разграждането на белтъците. Ензима е част от урейният цикъл, който превръща аргинин в орнитин и NO. '),
(39, 'SOD2', 'Ензим подпомагащ пречистването на клетките от свободните радикали продуцирани при окислително-редукционните процеси и електрон-транспортните реакции в митохондрийте. Функционира като превръща супероксидните продукти от оксидативното фосфорилиране до водороден пероксин и молекула кислород.'),
(40, 'GSTP', 'GST е отговорен за фаза 2 на детоксификацията на ксенобиотици, карциногени, стероиди, тежки метали и продукти от оксидативния стрес.GSTP1 е локализиран в мозъка и белите дробове. Пациенти с вариации в гените за Глутатион-S-Трансфераза, е възможно да имат намалена ензимна активност и да проявят тоскичност при третиране с различни химиотерапевтици и лъчетерапия.');

-- --------------------------------------------------------

--
-- Структура на таблица `migrations`
--

CREATE TABLE IF NOT EXISTS `migrations` (
  `migration` varchar(255) COLLATE utf8_unicode_ci NOT NULL,
  `batch` int(11) NOT NULL
) ENGINE=InnoDB DEFAULT CHARSET=utf8 COLLATE=utf8_unicode_ci;

--
-- Схема на данните от таблица `migrations`
--

INSERT INTO `migrations` (`migration`, `batch`) VALUES
('2014_10_12_000000_create_users_table', 1),
('2014_10_12_100000_create_password_resets_table', 1),
('2016_04_12_071559_create_roles_table', 1),
('2016_04_12_073010_create_role_user_table', 1),
('2016_04_12_102337_create_groups_table', 1),
('2016_04_12_102418_create_genes_table', 1),
('2016_04_12_102518_create_gene__variants_table', 1),
('2016_04_12_102558_create_types_table', 1),
('2016_04_12_102654_create_recommendations_table', 1),
('2016_04_12_102736_create_analys_table', 1),
('2016_04_12_103032_create_analys_type_table', 1),
('2016_04_12_103220_create_recommendation_type_table', 1),
('2016_06_02_153427_add_field_to_gene_variants_table', 1),
('2016_06_08_120427_modify_types_table', 1),
('2016_06_14_170302_RenameToVariants', 1),
('2016_06_14_172830_TypeColumnForeingColumnRenamedToVariantId', 1);

-- --------------------------------------------------------

--
-- Структура на таблица `password_resets`
--

CREATE TABLE IF NOT EXISTS `password_resets` (
  `email` varchar(255) COLLATE utf8_unicode_ci NOT NULL,
  `token` varchar(255) COLLATE utf8_unicode_ci NOT NULL,
  `created_at` timestamp NOT NULL DEFAULT CURRENT_TIMESTAMP ON UPDATE CURRENT_TIMESTAMP
) ENGINE=InnoDB DEFAULT CHARSET=utf8 COLLATE=utf8_unicode_ci;

-- --------------------------------------------------------

--
-- Структура на таблица `recommendations`
--

CREATE TABLE IF NOT EXISTS `recommendations` (
`id` int(10) unsigned NOT NULL,
  `description` text COLLATE utf8_unicode_ci NOT NULL,
  `text` text COLLATE utf8_unicode_ci NOT NULL
) ENGINE=InnoDB AUTO_INCREMENT=81 DEFAULT CHARSET=utf8 COLLATE=utf8_unicode_ci;

--
-- Схема на данните от таблица `recommendations`
--

INSERT INTO `recommendations` (`id`, `description`, `text`) VALUES
(40, 'nqma', 'Отчита се нормален генотип А/А'),
(41, 'Препоръчват се по-високи дози витамин А', 'Възможно е намалено превръщане на бета-каротен в ретинол'),
(42, 'Препоръчват се по-високи дози витамин А', 'Свързва се намалено превръщане на бета-каротен в ретинол'),
(43, 'nqma', 'Отчита се нормален генотип А/А'),
(44, 'Препоръчват се по-високи дози витамин А', 'Възможно е намалено превръщане на бета-каротен в ретинол'),
(45, 'Препоръчват се по-високи дози витамин А', 'Свързва се намалено превръщане на бета-каротен в ретинол'),
(46, 'nqma', 'Наблюдава се нормална концентрация на витамин В6 в кръвта'),
(47, 'Препоръчват се по-високи дози витамин В6', 'Наблюдава се намалена концентрация на витамин В6 в кръвта (1,45ng/mL)'),
(48, 'Препоръчват се по-високи дози витамин В6', 'Наблюдава се намалена концентрация на витамин В6 в кръвта (2,90ng/mL)'),
(49, 'nqma', 'nqma'),
(50, 'nqma', 'Отчита се нормален генотип C/C'),
(51, 'Препоръчват се по-високи дози фолиева киселина; прием на зеленолистни зеленчуци богати на фолиева киселина; Препоръката е прием на 50-100мг/дневно рибофлавин и фолат, след проследяване на нивата на В2 и В9 (инфраред сауна за детоксификация и увеличаване на );     ', 'Наблюдава се 30-40% намалена ензимна активност на MTHFR. Асоциира се с леко увеличен риск от  депресивни състояния, дефекти на невралната тръба, остеопораза, хипертензия, сърдечно-съдови заболявания и атеросклероза.                                                                                               '),
(52, 'Препоръчват се по-високи дози фолиева киселина; Препоръката е прием на 50-100мг/дневно рибофлавин и фолат, след проследяване на нивата на В2 и В9 (инфраред сауна за детоксификация и увеличаване на тетрахидробиоптерин);  ', 'Наблюдава се 60% намалена ензимна активност на MTHFR. Асоциира се с увеличен риск от  депресивни състояния, дефекти на невралната тръба, остеопораза, хипертензия, сърдечно-съдови заболявания и атеросклероза. '),
(53, 'Препоръчва се прием на метилфолат и тетрахидробиоптерин', 'Асоциира се с 35-40% намалена свързваща способност с ФАД.\r\nПри CBS +/+ е необходимо и нивата на сулфати в урината да са паднали се препоръчва прием на метилфолат или тетрахидробиоптерин сумплементиране (вж. CBS)'),
(54, 'nqma', 'Отчита се нормален генотип А/А'),
(55, 'Нормална ензимна активност', 'Отчита се нормален генотип Т/Т (А/А)'),
(56, 'Препоръчва се прием на рибоза и препоръките  описани за намаляване на нивата на хомоцистеин', 'Наблюдава се намалена ензимна активност, която води до увеличаване на нивата на S-аденозил хомоцистеин'),
(57, 'nqma', 'nqma'),
(58, 'nqma', 'При наличието на нормален генотип G/G (C/C) се генерират важни антиоксиданти и детоксифициращи молекули като глутатион, таурин и цистеин. \r\nВ отговор на оксидативен стрес или възпалителна реакция и при наличие на хомозиготно изменения в гена за NOS се препоръчва прием на метилови групи, наблюдава се и намаляване на хомоцистеина, който е необходим и за SAM ( поради това се налага и прием на метилови групи)(виж NOS)'),
(59, 'Препоръчва се първоначално детоксифициране на организма и последващ прием на метилфолат и тетрахидробиоптерин; Необходимо е да се изследват нивата на витамин В6 и серин, с цел определяне на прием на подходящата им дневна доза; Прием на добавки съдържащи коензим-Q10 (за подобряване на енергийния баланс), карнитин, НАД+ или рибоза. ', 'Изменения в CBS се свързват със свръхактивност на ензима (увеличена до 10 пъти), което от своя страна води до дефицит на серин и активен В6  - Препоръчва се първоначално изследване на нивата на В6 и серин с цел определяне на подходяща дневна доза. (виж BHMT)\r\nНаличието на изменения в CBS гена първоначално водят до увеличаване на невротоксичен сулфит, който трябва да се метаблизира от сулфит оксидазата (SUOX) до сулфат, който се нуждае от молибден (той обаче се изразходава от CBS +/+) - препоръката е да се избягват храни съдържащи ксантин оксидаза, тъй като ензима използва молибден. За увеличаване на SUOX активността се препоръчва витамин Е, сукцинат, бор, витамин В12.   \r\nПри наличието на генотип G/A или А/А с или без изменение в BHMT4 (виж MTHFR -  препоръчва се прием на метилфолат или тетрахидробиоптерин сумплементиране). \r\nЕнзима работи свръхактивно, но като резултат се изчерпват тетрахидробиоптериновите и метиловите донори, с цел детоксифициране. Необходим е прием и на триметилглицин, но трябва да се имат в предвид и COMT и VDR/Taq. '),
(60, 'Препоръчва се първоначално да се измерят нивата на SAM и SAH.                      \r\nПрепоръчват се по-високи дози витамин метил-В12 и прием на ХД съдържащи триметилглицин или фосфатидилсерин, и избягване на диметилглицин.', 'При наличие на генотип A/G  и A/A се наблюдава свръхактивност на ензима, която създава потенциал за дефицит на метилфолат и метил В12. При дефицит на МТR ензима е добре да се избегне този път на реметилиране, а е добре да се подпомогне SHMT пътя'),
(61, 'Препоръчва се прием на метил-В12;    \r\n  При наличие и на COMT +/+ се препоръчва хидрокси-В12; ', 'Свързва се с ниска степен на метилиране на витамин В12. Серумните нива на витамин В12 може да са нормални, но ниската степен на метилиране на витамина може да доведе до увеличени нива на хомоцистеин.'),
(62, 'Препоръчва се прием на витамин В12 \r\nв зависимост от MTR,MTRR генотиповете (виж MTR/MTRR)', 'Свързва се с дефицит на витамин В12'),
(63, 'Намалена дозировка на витамин В12', 'Отчита се нормален генотип А/А, който се асоциира с намален риск от бактериални инфекции и индиректо намален риск от витамиин В12 малабсорбция'),
(64, 'Препоръчва се прием на витамин В12, пробиотици и ферментирала спирулина (бифидус)', 'Асоциират се с увеличен риск от бактериални инфекции и увеличен риск от витамиин В12 малабсорбция'),
(65, 'Препоръчва се суплементиране с метилови донори, керцетин, гинко билоба и макуна.', 'Отчита се нормален генотип G/G'),
(66, 'Препоръчва се внимателен прием на добавки съдържащи метилови групи, включително метил В12, MSM, триметилглицин, диметилглицин, куркумин, мелатонин, кафеинизиран чай, керцетин. Да се избягват високодопаминови (тирозин) храни - крекери, банани, червени сливи, авокадо, смокини, черен дроб, салами, сосове, бри, камембер, бобови култури, осолени риби (херинга), патладжан. \r\nПри намалени нива на тетрахидробиоптерина и висок амоняк се препоръчва увеличаване на приема на храни съдържащи триптофан (пилешко и пуешко месо, пилешки черен дроб, соя, тиквени семки, спирулина, тофу, бадеми, фъстъци, козе сирене, мляко и кисело мляко)', 'Наблюдава се 3-4 пъти намаляване на ензимната активност за превръщането на катехоламини, естрогени, различни химикали и токсини\r\nНаличие и на генотип Т/Т (А/А) в PEMT се асоциира с увеличен риск от холинов дефицит дължащ се на ниските естрогенови нива - препоръчва се увеличен прием на холини, за да предотвратят чернодробна дисфункция (виж PEMT)'),
(67, 'Препоръчва се да се избягват храни богати на триптофан и животински протеини. \r\nПри тетрахидробиоптеринов дефицит се препоръчва прием на тетрахидробиптеринов за стабилизиране на нормалната серотонинова продукция;', 'Свързва се с намалена способност за разграждане на серотонин; \r\n  MAOA се стимулира от прогестерон и се инхибира от куркума; При При нормален генотип за COMT е необходимо да се увеличат храни богати на тирозин (прекурсор на допамин) и да се намалят храни богати на триптофан (прекурсор на серотонин)(виж COMT)'),
(68, 'Препоръчва се диета с ниско съдържание на тирозин, поради риск от изчерпване нивата на йод и литий се препоръчват и такива добавки.\r\nВ комбинация с изменения в MTRR се препоръчва терапия с хидрокси В12', 'Генотип Т/Т се свързва с производството на нормални и достатъчни нива на допамин;\r\nВ комбинация с изменение в COMT гена се свързва с високи допаминови нива. Наблюдава се добър толеранс към токсини и микроорганизми, но е възможна рязка смяна на настроенията; (виж COMT) \r\n Ако има изменение в MTR/MTRR се увеличава нуждата от метил В12 и се препоръчва терапия с хидрокси В12 (виж MTRR) \r\nVDR -/-  и COMT +/- се тълкуват като COMT +/+ (виж COMT A/A)'),
(69, 'Препорчва се прием на добавки с метилови донори и допаминови прекурсори с междинни нива.\r\nВ комбинация с изменения в MTR/MTRR се препоръчва терапия с хидрокси В12', 'В комбинация с нормален генотип в COMT гена се свързва с ниски допаминови нива. Наблюдава се нисък толеранс към токсини и микроорганизми, и нисък риск за смяна на настроенията (виж COMT)                                                                                   \r\nАко има хомозиготно изменение в MTR/MTRR се увеличава нуждата от метил В12 и се препоръчва терапия с хидрокси В12 (виж MTR/MTRR)\r\nПри нормален генотип за CBS се препоръчватMSM, SAM (виж CBS)                                                                         При хомозиготно изменеие в BHMT гена се препоръчва вместо само фосфатидилсерин,  комбинация от него и DMAE (метилов донор) (виж BHMT)\r\nVDR +/+ и COMT +/- се тълкуват като COMT -/- (виж COMT G/G)'),
(70, 'Остеопорозата е предотвратима болест и изследването на полиморфизмa в COL1A1 гена в комбинация с други биохимични маркери на костната обмяна и костна дензитометрия могат да играят важна роля в клиничната оценка на риска за остеопорозни фрактури и подбора на лечение.                                               Препоръчва се прием на витамин D, Ca и колаген.', 'Протективен алел за възникване на остеопорозни фрактури, по-високи стойности на BMD (костна плътност)'),
(71, 'Остеопорозата е предотвратима болест и изследването на полиморфизмa в COL1A1 гена в комбинация с други биохимични маркери на костната обмяна и костна дензитометрия могат да играят важна роля в клиничната оценка на риска за остеопорозни фрактури и подбора на лечение.                                               Препоръчва се прием на витамин D, Ca и колаген.', 'Хетерозиготен генотип G/T увеличава риска от възникване на остеопороза,който е 26% по-висок в сравнение с генотип G/G'),
(72, 'Остеопорозата е предотвратима болест и изследването на полиморфизмa в COL1A1 гена в комбинация с други биохимични маркери на костната обмяна и костна дензитометрия могат да играят важна роля в клиничната оценка на риска за остеопорозни фрактури и подбора на лечение.                                               Препоръчва се прием на витамин D, Ca и колаген.', 'Хомозиготен генотип T/T е рисков за възникване на остеопорозни фрактури (78% по-висок риск) и по-ниски стойности на BMD на костите на предмишницата, лумбалните прешлени и шийката на бедрената кост.'),
(73, 'Препорчва се прием на триметилглицин (бетаин), цинк (необходим кофактор) - 25мг/ден, фосфосерин за стимулация на BHMT4, фосфатидилхолин.', 'Наличието на измениение в BHMT гена в комбинацията с изменения в MTR, MTRR, MTHFR и COMT гените налага необходимост от стимулиране на BHMT ензима, а при нужда от премахване на хомоцистеина,  не се налага стимулиране CBS гена.'),
(74, 'Препоръчва се прием на фолат (400-800микрограма/ден), метилфолат, серин и витамин В6', 'Свързва се с намалена ензимна активност и дефицити на серин и витамин В6. \r\nПри наличие на хомозиготни изменения в CBS и BHMT4 гените се увеличава риска от серин и витамин В6 дефицити'),
(75, 'Препоръчва се намаляване на дозата на Синтром', 'Свързва се с намалена ензимна активност и увеличен риск от кървене'),
(76, 'За жени в менопауза и предменопауза, и мъже се препоръчва 500мг/ден холин, за предотвратяване на развитие на мастен черен дроб', 'Свързва се с намалена ензимна активност, което води до увеличен риск от развитите на мастен черен дроб'),
(77, 'Препоръчва се редовно измерване на сулфатите в урина (на седем дни). Ограничаване на храните съдържащи сяра (зеле, месо, мляко), сяра съдържащи лекарства и антибиотици. Препоръчват се прием на молибден, бор, витамин Е сукцинат, хидрокси-В12, GABA (за намаляване на възбудимостта, за успокоение на нервите), добавки съдържащи коензим-Q10 или идебенон (за подобряване на енергийния баланс), карнитин, НАД+ или рибоза. Добавки като  триметилглицин (бетаин), цинк (необходим кофактор) - 25мг/ден, фосфосерин за стимулация на BHMT4 ензима, фосфатидилхолин.', 'Свързва се с намалена спосоност за детоксификация на организма, поради намаленото превръщане на сулфитите в сулфати.'),
(78, 'Препоръчва се агресивна антиоксидантна суплементация, витамин С, 5-метилфолат, тетрахидробиоптерин (за подобряване на ендотелната функция, при индивиди с хиперлипидемия)', 'Свързва се с намалена спосоност за детоксификация на организма и увеличен риск от развитие на сърдечно-съдови заболявания, атеросклероза, тромбозиране. '),
(79, 'Препоръчва се прием на манган, витамин Е (в токотриенол форма), храни съдържащи антиоксиданти, важно е да се избягва алкохол', 'Свързва се увеличен оксидативен стрес и намелен капацитет на детоксификация'),
(80, 'Препоръчва се прием на глутатионови прекурсори и кофактори като метионин богати храни, N-ацетил цистеин, L-глутамин, глицин, магнезии и витамин В6, алфа липоева киселина, магарешки бодил, таурин, лук, чесън, броколи (намялващи риска от рак). Важно е да се избягват пушени храни, тютюнопушени, хербициди, фунгициди, индустриални разтворители, токсични метали.', 'Свързва се с намалена ензимна активност');

-- --------------------------------------------------------

--
-- Структура на таблица `recommendation_type`
--

CREATE TABLE IF NOT EXISTS `recommendation_type` (
  `type_id` int(10) unsigned NOT NULL,
  `recommendation_id` int(10) unsigned NOT NULL
) ENGINE=InnoDB DEFAULT CHARSET=utf8 COLLATE=utf8_unicode_ci;

--
-- Схема на данните от таблица `recommendation_type`
--

INSERT INTO `recommendation_type` (`type_id`, `recommendation_id`) VALUES
(68, 40),
(69, 41),
(70, 42),
(71, 43),
(72, 44),
(73, 45),
(74, 46),
(75, 47),
(76, 48),
(77, 49),
(78, 49),
(79, 49),
(80, 50),
(81, 51),
(82, 52),
(84, 53),
(85, 53),
(83, 54),
(86, 55),
(87, 56),
(88, 56),
(89, 57),
(90, 57),
(91, 57),
(92, 57),
(93, 57),
(94, 57),
(95, 58),
(96, 59),
(97, 59),
(105, 60),
(106, 60),
(108, 61),
(109, 61),
(126, 62),
(127, 62),
(128, 63),
(129, 64),
(130, 64),
(131, 65),
(132, 66),
(133, 66),
(141, 67),
(142, 67),
(143, 68),
(144, 69),
(145, 69),
(152, 70),
(153, 71),
(154, 72),
(156, 73),
(157, 73),
(168, 74),
(169, 74),
(171, 75),
(172, 75),
(174, 76),
(175, 76),
(176, 77),
(177, 77),
(180, 78),
(181, 78),
(183, 79),
(184, 79),
(187, 80);

-- --------------------------------------------------------

--
-- Структура на таблица `roles`
--

CREATE TABLE IF NOT EXISTS `roles` (
`id` int(10) unsigned NOT NULL,
  `name` varchar(45) COLLATE utf8_unicode_ci NOT NULL,
  `created_at` timestamp NULL DEFAULT NULL,
  `updated_at` timestamp NULL DEFAULT NULL
) ENGINE=InnoDB AUTO_INCREMENT=3 DEFAULT CHARSET=utf8 COLLATE=utf8_unicode_ci;

--
-- Схема на данните от таблица `roles`
--

INSERT INTO `roles` (`id`, `name`, `created_at`, `updated_at`) VALUES
(1, 'admin', '2016-06-18 08:42:24', '2016-06-18 08:42:24'),
(2, 'user', '2016-06-29 11:34:45', '2016-06-29 11:34:45');

-- --------------------------------------------------------

--
-- Структура на таблица `role_user`
--

CREATE TABLE IF NOT EXISTS `role_user` (
  `user_id` int(10) unsigned NOT NULL,
  `role_id` int(10) unsigned NOT NULL
) ENGINE=InnoDB DEFAULT CHARSET=utf8 COLLATE=utf8_unicode_ci;

--
-- Схема на данните от таблица `role_user`
--

INSERT INTO `role_user` (`user_id`, `role_id`) VALUES
(1, 1),
(8, 1),
(1, 2),
(8, 2);

-- --------------------------------------------------------

--
-- Структура на таблица `types`
--

CREATE TABLE IF NOT EXISTS `types` (
`id` int(10) unsigned NOT NULL,
  `type` varchar(45) COLLATE utf8_unicode_ci NOT NULL,
  `variant_id` int(10) unsigned NOT NULL,
  `genotype` varchar(255) COLLATE utf8_unicode_ci NOT NULL,
  `comment` text COLLATE utf8_unicode_ci
) ENGINE=InnoDB AUTO_INCREMENT=194 DEFAULT CHARSET=utf8 COLLATE=utf8_unicode_ci;

--
-- Схема на данните от таблица `types`
--

INSERT INTO `types` (`id`, `type`, `variant_id`, `genotype`, `comment`) VALUES
(68, 'wildtype', 30, 'AA', ''),
(69, 'hetero', 30, 'AT', ''),
(70, 'homo', 30, 'TT', ''),
(71, 'wildtype', 31, 'CC', ''),
(72, 'hetero', 31, 'CT', ''),
(73, 'homo', 31, 'TT', ''),
(74, 'wildtype', 32, 'TT', ''),
(75, 'hetero', 32, 'CT', ''),
(76, 'homo', 32, 'CC', ''),
(77, 'wildtype', 33, 'CC(GG)', ''),
(78, 'hetero', 33, 'CT(GA)', ''),
(79, 'homo', 33, 'TT(AA)', ''),
(80, 'wildtype', 34, 'CC', ''),
(81, 'hetero', 34, 'CT', ''),
(82, 'homo', 34, 'TT', ''),
(83, 'wildtype', 35, 'AA', ''),
(84, 'hetero', 35, 'AC', ''),
(85, 'homo', 35, 'CC', ''),
(86, 'wildtype', 36, 'TT(AA)', ''),
(87, 'hetero', 36, 'CT(GA)', ''),
(88, 'homo', 36, 'CC(GG)', ''),
(89, 'wildtype', 37, 'няма', ''),
(90, 'hetero', 37, 'няма', ''),
(91, 'homo', 37, 'няма', ''),
(92, 'wildtype', 38, 'няма', ''),
(93, 'hetero', 38, 'няма', ''),
(94, 'homo', 38, 'няма', ''),
(95, 'wildtype', 39, 'GG(CC)', ''),
(96, 'hetero', 39, 'GA(CT)', ''),
(97, 'homo', 39, 'AA(TT)', ''),
(98, 'wildtype', 40, 'CC(GG)', ''),
(99, 'hetero', 40, 'CT(GA)', ''),
(100, 'homo', 40, 'TT(AA)', ''),
(101, 'wildtype', 41, 'CC(GG)', ''),
(102, 'hetero', 41, 'CT(GA)', ''),
(103, 'homo', 41, 'TT(AA)', ''),
(104, 'wildtype', 42, 'AA', ''),
(105, 'hetero', 42, 'AG', ''),
(106, 'homo', 42, 'GG', ''),
(107, 'wildtype', 43, 'AA', ''),
(108, 'hetero', 43, 'AG', ''),
(109, 'homo', 43, 'GG', ''),
(110, 'wildtype', 44, 'CC', ''),
(111, 'hetero', 44, 'CT', ''),
(112, 'homo', 44, 'TT', ''),
(113, 'wildtype', 45, 'CC', ''),
(114, 'hetero', 45, 'CT', ''),
(115, 'homo', 45, 'TT', ''),
(116, 'wildtype', 46, 'GG', ''),
(117, 'hetero', 46, 'GA', ''),
(118, 'homo', 46, 'AA', ''),
(119, 'wildtype', 47, 'няма', ''),
(120, 'hetero', 47, 'няма', ''),
(121, 'homo', 47, 'няма', ''),
(122, 'wildtype', 48, 'няма', ''),
(123, 'hetero', 48, 'няма', ''),
(124, 'homo', 48, 'няма', ''),
(125, 'wildtype', 49, 'CC(GG)', ''),
(126, 'hetero', 49, 'CT(GA)', ''),
(127, 'homo', 49, 'TT(AA)', ''),
(128, 'wildtype', 50, 'AA', ''),
(129, 'hetero', 50, 'GA', ''),
(130, 'homo', 50, 'GG', ''),
(131, 'wildtype', 51, 'GG', ''),
(132, 'hetero', 51, 'GA', ''),
(133, 'homo', 51, 'AA', ''),
(134, 'wildtype', 52, 'CC', ''),
(135, 'hetero', 52, 'CT', ''),
(136, 'homo', 52, 'TT', ''),
(137, 'wildtype', 53, 'няма', ''),
(138, 'hetero', 53, 'няма', ''),
(139, 'homo', 53, 'няма', ''),
(140, 'wildtype', 54, 'GG', ''),
(141, 'hetero', 54, 'GT', ''),
(142, 'homo', 54, 'TT', ''),
(143, 'wildtype', 55, 'TT', ''),
(144, 'hetero', 55, 'TC', ''),
(145, 'homo', 55, 'CC', ''),
(146, 'wildtype', 56, 'TT', ''),
(147, 'hetero', 56, 'TC', ''),
(148, 'homo', 56, 'CC', ''),
(149, 'wildtype', 57, 'GG', ''),
(150, 'hetero', 57, 'GA', ''),
(151, 'homo', 57, 'AA', ''),
(152, 'wildtype', 58, 'GG', ''),
(153, 'hetero', 58, 'GT', ''),
(154, 'homo', 58, 'TT', ''),
(155, 'wildtype', 59, 'AA', ''),
(156, 'hetero', 59, 'AT', ''),
(157, 'homo', 59, 'TT', ''),
(158, 'wildtype', 60, 'CC', ''),
(159, 'hetero', 60, 'CT', ''),
(160, 'homo', 60, 'TT', ''),
(161, 'wildtype', 61, 'GG(CC)', ''),
(162, 'hetero', 61, 'GA(CT)', ''),
(163, 'homo', 61, 'AA(TT)', ''),
(164, 'wildtype', 62, 'няма', ''),
(165, 'hetero', 62, 'няма', ''),
(166, 'homo', 62, 'няма', ''),
(167, 'wildtype', 63, 'CC(GG)', ''),
(168, 'hetero', 63, 'CT(GA)', ''),
(169, 'homo', 63, 'TT(AA)', ''),
(170, 'wildtype', 64, 'GG(CC)', ''),
(171, 'hetero', 64, 'GA(CT)', ''),
(172, 'homo', 64, 'AA(TT)', ''),
(173, 'wildtype', 65, 'GG', ''),
(174, 'hetero', 65, 'GA(70%)', ''),
(175, 'homo', 65, 'AA', ''),
(176, 'wildtype', 66, 'няма', ''),
(177, 'hetero', 66, 'няма', ''),
(178, 'homo', 66, 'GG', ''),
(179, 'wildtype', 67, 'GG', ''),
(180, 'hetero', 67, 'GT', ''),
(181, 'homo', 67, 'TT', ''),
(182, 'wildtype', 68, 'TT', ''),
(183, 'hetero', 68, 'CT', ''),
(184, 'homo', 68, 'CC(GG)', ''),
(185, 'wildtype', 69, 'AA', ''),
(186, 'hetero', 69, 'AG', ''),
(187, 'homo', 69, 'няма', ''),
(191, 'wildtype', 75, 'AA', 'CCCCCCCCCCCC'),
(192, 'hetero', 75, 'BB', 'bbbbbbbbbbbbbbb'),
(193, 'homo', 75, 'AB', 'babbabababbaba');

-- --------------------------------------------------------

--
-- Структура на таблица `users`
--

CREATE TABLE IF NOT EXISTS `users` (
`id` int(10) unsigned NOT NULL,
  `name` varchar(255) COLLATE utf8_unicode_ci NOT NULL,
  `email` varchar(255) COLLATE utf8_unicode_ci NOT NULL,
  `password` varchar(255) COLLATE utf8_unicode_ci NOT NULL,
  `remember_token` varchar(100) COLLATE utf8_unicode_ci DEFAULT NULL,
  `created_at` timestamp NULL DEFAULT NULL,
  `updated_at` timestamp NULL DEFAULT NULL
) ENGINE=InnoDB AUTO_INCREMENT=9 DEFAULT CHARSET=utf8 COLLATE=utf8_unicode_ci;

--
-- Схема на данните от таблица `users`
--

INSERT INTO `users` (`id`, `name`, `email`, `password`, `remember_token`, `created_at`, `updated_at`) VALUES
(1, 'Joro', 'joro@example.com', '$2y$10$pG3EeD9E4L.yGqSsZhDe8.jc4qBU.EiP0.J394ihghYjXLW28XHHy', 'b9c9rJzPDicUR3yHYEG3V1hCEX5ivwjwtBSEY4oZUEzqST735IyGoQQ9hVv5', '2016-06-18 08:41:17', '2016-08-29 16:02:44'),
(8, 'Tulev', 'georgetulev123@gmail.com', '$2y$10$VuSQn.anAlYCP2Q1rkleNekZSl68T82RPZJ7OfhsxmPd1nriKC4dK', NULL, '2016-08-10 19:38:16', '2016-08-10 19:38:16');

-- --------------------------------------------------------

--
-- Структура на таблица `variants`
--

CREATE TABLE IF NOT EXISTS `variants` (
`id` int(10) unsigned NOT NULL,
  `polymorphism` varchar(255) COLLATE utf8_unicode_ci NOT NULL,
  `norm` varchar(45) COLLATE utf8_unicode_ci NOT NULL,
  `change` varchar(45) COLLATE utf8_unicode_ci NOT NULL,
  `gene_id` int(10) unsigned NOT NULL
) ENGINE=InnoDB AUTO_INCREMENT=76 DEFAULT CHARSET=utf8 COLLATE=utf8_unicode_ci;

--
-- Схема на данните от таблица `variants`
--

INSERT INTO `variants` (`id`, `polymorphism`, `norm`, `change`, `gene_id`) VALUES
(30, '', 'c.801A>T', 'p.Arg267Ser', 54),
(31, '', 'c.1136C>T', 'p.Ala379Val', 55),
(32, '', 'c.134-9113C>T', 'няма', 56),
(33, '', 'c.117C>T', 'няма', 57),
(34, '', 'c.677C>T', 'p.Ala222Val', 58),
(35, '', 'c.1298A>C', 'p.Glu429Ala', 59),
(36, '', 'c.-197G>A', 'няма', 60),
(37, '', 'C>T (G>A)', 'няма', 61),
(38, '', 'c.*856G>A', 'няма', 62),
(39, '', 'c.699C>T', 'p.Tyr233=', 63),
(40, '', 'c.1080C>T', 'p.Ala360= ', 64),
(41, '', 'c.636C>T', 'p.Asn212= ', 65),
(42, '', 'c.2756A>G', 'p.Asp919Gly', 66),
(43, '', 'c.66A>G', 'p.Ile22Met', 67),
(44, '', 'c.1783C>T', 'p.His595Tyr ', 68),
(45, '', 'c.1243C>T', 'p.Arg415Cys ', 69),
(46, '', 'c.1911G>A', 'p.Ala664= ', 70),
(47, '', 'c.1094A>G', 'p.Lys350Arg (K350A)', 71),
(48, '', 'c.1911G>A', 'p.Ala664= (11)', 72),
(49, '', 'c.579+159G>A', 'няма', 73),
(50, '', 'c.772G>A', 'p.Gly258Ser', 74),
(51, '', 'c.472G>A', 'p.Val158Met', 75),
(52, '', 'c.186C>T', 'p.His62=', 76),
(53, '', 'c.597G>A', 'няма', 77),
(54, '', 'c.891G>T', 'p.Arg297=', 78),
(55, '', 'c.1206T>C', '(Taq) p.Ile402=', 79),
(56, '', 'c.2T>C', '(Fok) p.Met1Thr', 80),
(57, '', 'c.1024+283G>A', '(Bsm)', 81),
(58, '', 'c.104-441G>T', 'няма', 82),
(59, '', 'c.*269T>A', 'няма', 83),
(60, '', 'c.477+52C>T', 'няма', 84),
(61, '', 'c.33+1319C>T', 'няма', 85),
(62, '', 'A>C', 'няма', 86),
(63, '', 'c.1420C>T', 'p.Leu474Phe ', 87),
(64, '', 'c.-1639G>A', 'няма', 88),
(65, '', 'c.568G>A', 'p.Val190Met', 89),
(66, '', 'c.1281G>C', 'p.Ser 370= ', 90),
(67, '', 'c.894T>G', 'p.Asp298Glu', 91),
(68, '', 'c.47T>C', 'p.Val16Ala', 92),
(69, '', 'c.313A>G', 'p.Ile105Val', 93),
(75, '', 'test', 'test', 99);

--
-- Indexes for dumped tables
--

--
-- Indexes for table `analysis`
--
ALTER TABLE `analysis`
 ADD PRIMARY KEY (`id`);

--
-- Indexes for table `analys_type`
--
ALTER TABLE `analys_type`
 ADD PRIMARY KEY (`analys_id`,`type_id`), ADD KEY `analys_type_type_id_foreign` (`type_id`);

--
-- Indexes for table `genes`
--
ALTER TABLE `genes`
 ADD PRIMARY KEY (`id`), ADD KEY `genes_group_id_index` (`group_id`);

--
-- Indexes for table `groups`
--
ALTER TABLE `groups`
 ADD PRIMARY KEY (`id`);

--
-- Indexes for table `password_resets`
--
ALTER TABLE `password_resets`
 ADD KEY `password_resets_email_index` (`email`), ADD KEY `password_resets_token_index` (`token`);

--
-- Indexes for table `recommendations`
--
ALTER TABLE `recommendations`
 ADD PRIMARY KEY (`id`);

--
-- Indexes for table `recommendation_type`
--
ALTER TABLE `recommendation_type`
 ADD PRIMARY KEY (`type_id`,`recommendation_id`), ADD KEY `recommendation_type_recommendation_id_foreign` (`recommendation_id`);

--
-- Indexes for table `roles`
--
ALTER TABLE `roles`
 ADD PRIMARY KEY (`id`), ADD UNIQUE KEY `roles_name_unique` (`name`);

--
-- Indexes for table `role_user`
--
ALTER TABLE `role_user`
 ADD PRIMARY KEY (`user_id`,`role_id`), ADD KEY `role_user_role_id_foreign` (`role_id`);

--
-- Indexes for table `types`
--
ALTER TABLE `types`
 ADD PRIMARY KEY (`id`), ADD KEY `types_gene_variant_id_index` (`variant_id`);

--
-- Indexes for table `users`
--
ALTER TABLE `users`
 ADD PRIMARY KEY (`id`), ADD UNIQUE KEY `users_email_unique` (`email`);

--
-- Indexes for table `variants`
--
ALTER TABLE `variants`
 ADD PRIMARY KEY (`id`), ADD KEY `gene_variants_gene_id_index` (`gene_id`);

--
-- AUTO_INCREMENT for dumped tables
--

--
-- AUTO_INCREMENT for table `analysis`
--
ALTER TABLE `analysis`
MODIFY `id` int(10) unsigned NOT NULL AUTO_INCREMENT,AUTO_INCREMENT=34;
--
-- AUTO_INCREMENT for table `genes`
--
ALTER TABLE `genes`
MODIFY `id` int(10) unsigned NOT NULL AUTO_INCREMENT,AUTO_INCREMENT=100;
--
-- AUTO_INCREMENT for table `groups`
--
ALTER TABLE `groups`
MODIFY `id` int(10) unsigned NOT NULL AUTO_INCREMENT,AUTO_INCREMENT=41;
--
-- AUTO_INCREMENT for table `recommendations`
--
ALTER TABLE `recommendations`
MODIFY `id` int(10) unsigned NOT NULL AUTO_INCREMENT,AUTO_INCREMENT=81;
--
-- AUTO_INCREMENT for table `roles`
--
ALTER TABLE `roles`
MODIFY `id` int(10) unsigned NOT NULL AUTO_INCREMENT,AUTO_INCREMENT=3;
--
-- AUTO_INCREMENT for table `types`
--
ALTER TABLE `types`
MODIFY `id` int(10) unsigned NOT NULL AUTO_INCREMENT,AUTO_INCREMENT=194;
--
-- AUTO_INCREMENT for table `users`
--
ALTER TABLE `users`
MODIFY `id` int(10) unsigned NOT NULL AUTO_INCREMENT,AUTO_INCREMENT=9;
--
-- AUTO_INCREMENT for table `variants`
--
ALTER TABLE `variants`
MODIFY `id` int(10) unsigned NOT NULL AUTO_INCREMENT,AUTO_INCREMENT=76;
--
-- Ограничения за дъмпнати таблици
--

--
-- Ограничения за таблица `analys_type`
--
ALTER TABLE `analys_type`
ADD CONSTRAINT `analys_type_analys_id_foreign` FOREIGN KEY (`analys_id`) REFERENCES `analysis` (`id`) ON DELETE CASCADE,
ADD CONSTRAINT `analys_type_type_id_foreign` FOREIGN KEY (`type_id`) REFERENCES `types` (`id`) ON DELETE CASCADE;

--
-- Ограничения за таблица `genes`
--
ALTER TABLE `genes`
ADD CONSTRAINT `genes_group_id_foreign` FOREIGN KEY (`group_id`) REFERENCES `groups` (`id`) ON DELETE CASCADE;

--
-- Ограничения за таблица `recommendation_type`
--
ALTER TABLE `recommendation_type`
ADD CONSTRAINT `recommendation_type_recommendation_id_foreign` FOREIGN KEY (`recommendation_id`) REFERENCES `recommendations` (`id`) ON DELETE CASCADE,
ADD CONSTRAINT `recommendation_type_type_id_foreign` FOREIGN KEY (`type_id`) REFERENCES `types` (`id`) ON DELETE CASCADE;

--
-- Ограничения за таблица `role_user`
--
ALTER TABLE `role_user`
ADD CONSTRAINT `role_user_role_id_foreign` FOREIGN KEY (`role_id`) REFERENCES `roles` (`id`),
ADD CONSTRAINT `role_user_user_id_foreign` FOREIGN KEY (`user_id`) REFERENCES `users` (`id`);

--
-- Ограничения за таблица `types`
--
ALTER TABLE `types`
ADD CONSTRAINT `types_gene_variant_id_foreign` FOREIGN KEY (`variant_id`) REFERENCES `variants` (`id`) ON DELETE CASCADE;

--
-- Ограничения за таблица `variants`
--
ALTER TABLE `variants`
ADD CONSTRAINT `gene_variants_gene_id_foreign` FOREIGN KEY (`gene_id`) REFERENCES `genes` (`id`) ON DELETE CASCADE;

/*!40101 SET CHARACTER_SET_CLIENT=@OLD_CHARACTER_SET_CLIENT */;
/*!40101 SET CHARACTER_SET_RESULTS=@OLD_CHARACTER_SET_RESULTS */;
/*!40101 SET COLLATION_CONNECTION=@OLD_COLLATION_CONNECTION */;
